material_name,material_type,strength_rating,weight_capacity,biodegradability_score,recyclability_percentage,co2_emission_score,cost_per_unit,co2_impact_index,cost_efficiency_index,material_suitability_score
Recycled Paperboard,Paper,7.0,17.85,9.0,91.57,4.56,10.57,0.498,0.6623,23.358
Palm Leaf Packaging,Natural Fiber,6.0,14.36,10.0,85.64,2.76,14.89,0.3223,0.403,22.252
Bamboo Fiber Packaging,Natural Fiber,7.0,21.9,8.0,80.04,2.47,16.49,0.3086,0.4245,20.961
Recycled Paperboard,Paper,5.0,17.13,9.0,91.24,2.47,7.85,0.2707,0.6369,22.701
Tin Container,Metal,8.0,37.27,2.0,71.62,6.53,30.11,0.9118,0.2657,17.471
Compostable PBAT,Bioplastic,8.0,27.44,8.0,74.79,4.95,19.2,0.6619,0.4167,20.063
Starch-Based Plastic,Bioplastic,7.0,21.13,8.0,66.83,5.12,15.49,0.7661,0.4519,18.054
Seaweed Packaging,Biopolymer,6.0,19.56,10.0,87.45,1.0,17.02,0.1144,0.3525,22.79
Wooden Crate,Wood,9.0,45.49,6.0,60.01,5.13,28.99,0.8549,0.3105,16.889
Glass Bottle,Glass,9.0,40.17,2.0,28.35,9.32,24.34,3.2875,0.3698,8.938
Corrugated Cardboard,Paper,6.0,19.4,8.0,87.9,3.12,10.29,0.3549,0.5831,22.068
Recycled PET,Plastic,9.0,35.02,3.0,87.54,7.0,18.15,0.7996,0.4959,21.308
Aluminum Can,Metal,8.0,35.48,3.0,78.49,7.92,21.56,1.009,0.3711,19.006
Bamboo Fiber Packaging,Natural Fiber,7.0,21.01,10.0,80.61,2.69,17.79,0.3337,0.3935,21.653
Cornstarch Packaging,Biopolymer,7.0,19.76,9.0,86.07,1.98,16.44,0.23,0.4258,22.516
Recycled PET,Plastic,10.0,36.51,4.0,86.0,6.74,24.1,0.7837,0.4149,21.726
Biodegradable PLA,Bioplastic,10.0,26.9,7.0,65.22,4.86,20.45,0.7452,0.489,18.658
LDPE Recycled,Plastic,6.0,27.82,2.0,85.74,8.85,27.41,1.0322,0.2189,19.263
Hemp Fiber Board,Natural Fiber,8.0,27.72,9.0,78.56,3.93,15.32,0.5003,0.5222,21.219
Molded Pulp,Pulp,7.0,23.44,9.0,92.11,2.23,15.3,0.2421,0.4575,23.699
Glass Bottle,Glass,9.0,37.37,1.0,26.49,12.47,25.89,4.7074,0.3476,7.951
Hemp Fiber Board,Natural Fiber,8.0,31.24,9.0,75.63,2.82,16.02,0.3729,0.4994,20.744
Plywood Box,Wood,9.0,48.0,5.0,57.6,6.12,31.48,1.0625,0.2859,16.008
Recycled Paperboard,Paper,6.0,17.2,9.0,92.27,2.7,8.05,0.2926,0.7453,23.284
Molded Pulp,Pulp,7.0,26.53,8.0,95.33,2.54,10.88,0.2664,0.6434,24.012
Starch-Based Plastic,Bioplastic,7.0,21.4,8.0,70.37,4.34,13.56,0.6167,0.5162,18.84
Hemp Fiber Board,Natural Fiber,8.0,29.43,9.0,77.94,1.98,19.11,0.254,0.4186,21.29
Bagasse Fiber,Natural Fiber,7.0,18.81,10.0,86.4,3.3,15.29,0.3819,0.4578,22.75
Starch-Based Plastic,Bioplastic,7.0,23.92,8.0,71.63,4.62,19.26,0.645,0.3634,19.064
Molded Pulp,Pulp,8.0,27.07,8.0,93.16,2.49,14.6,0.2673,0.5479,23.983
Recycled PET,Plastic,8.0,35.75,4.0,78.75,5.41,20.8,0.687,0.3846,19.609
Recycled PET,Plastic,9.0,34.76,3.0,86.29,6.53,21.73,0.7568,0.4142,21.105
Reusable Plastic Crate,Plastic,9.0,54.09,2.0,41.23,8.07,22.92,1.9573,0.3927,11.639
Tempered Glass Packaging,Glass,10.0,48.46,1.0,29.27,10.9,30.37,3.7239,0.3293,9.064
Bamboo Fiber Packaging,Natural Fiber,7.0,21.26,9.0,80.58,1.94,11.99,0.2408,0.5838,21.422
Corrugated Cardboard,Paper,6.0,17.59,8.0,84.15,4.6,11.91,0.5466,0.5038,21.17
Recycled PET,Plastic,8.0,28.28,3.0,83.22,6.79,21.62,0.8159,0.37,20.065
Cornstarch Packaging,Biopolymer,8.0,21.28,9.0,82.39,4.99,19.66,0.6057,0.4069,21.879
Bagasse Fiber,Natural Fiber,7.0,18.46,10.0,84.12,2.38,16.64,0.2829,0.4207,22.386
LDPE Recycled,Plastic,8.0,35.03,3.0,88.51,6.42,19.94,0.7253,0.4012,21.16
Glass Bottle,Glass,9.0,39.68,1.0,35.69,10.76,25.4,3.0149,0.3543,9.962
Kraft Paper,Paper,6.0,14.73,9.0,89.25,5.11,13.47,0.5725,0.4454,22.439
Reusable Plastic Crate,Plastic,10.0,53.14,2.0,45.21,8.71,25.71,1.9266,0.389,12.771
HDPE Recycled,Plastic,8.0,39.85,2.0,91.12,8.12,26.33,0.8911,0.3038,21.212
Compostable PBAT,Bioplastic,8.0,22.02,8.0,73.1,5.74,20.67,0.7852,0.387,19.646
Recycled PET,Plastic,9.0,38.06,3.0,87.03,7.81,24.25,0.8974,0.3711,21.125
Molded Pulp,Pulp,7.0,22.2,9.0,93.25,3.21,16.44,0.3442,0.4258,23.829
Molded Pulp,Pulp,9.0,26.78,9.0,97.96,1.88,14.19,0.1919,0.6342,25.704
Kraft Paper,Paper,6.0,14.83,9.0,84.78,5.24,12.96,0.6181,0.463,21.532
Tempered Glass Packaging,Glass,10.0,45.8,1.0,26.39,10.76,28.72,4.0773,0.3482,8.502
LDPE Recycled,Plastic,7.0,32.6,2.0,84.6,6.56,24.79,0.7754,0.2824,19.664
HDPE Recycled,Plastic,8.0,36.38,2.0,90.41,8.5,19.0,0.9402,0.4211,21.032
Bagasse Fiber,Natural Fiber,6.0,19.67,10.0,84.06,2.96,16.73,0.3521,0.3586,21.916
Plywood Box,Wood,9.0,52.99,5.0,50.76,5.6,30.24,1.1032,0.2976,14.692
Wooden Crate,Wood,8.0,49.64,6.0,63.92,2.66,26.23,0.4161,0.305,17.518
Steel Packaging,Metal,10.0,49.91,1.0,72.1,8.94,34.08,1.2399,0.2934,17.826
Glass Bottle,Glass,9.0,40.03,1.0,29.69,11.06,23.21,3.7252,0.3878,8.732
Recycled PET,Plastic,9.0,37.66,3.0,86.76,5.02,18.02,0.5786,0.4994,21.35
Wooden Crate,Wood,7.0,47.52,6.0,58.62,2.04,22.96,0.348,0.3049,16.12
Corrugated Cardboard,Paper,7.0,20.99,7.0,90.41,4.32,14.52,0.4778,0.4821,22.55
Tin Container,Metal,9.0,40.73,2.0,71.24,8.83,31.49,1.2395,0.2858,17.565
Bagasse Fiber,Natural Fiber,6.0,17.23,10.0,80.37,2.18,14.39,0.2712,0.417,21.256
Biodegradable PLA,Bioplastic,10.0,25.25,6.0,58.24,5.33,21.61,0.9152,0.4627,16.915
Biodegradable PLA,Bioplastic,9.0,26.04,7.0,66.14,5.78,21.86,0.8739,0.4117,18.35
Steel Packaging,Metal,10.0,54.4,1.0,72.33,10.67,30.98,1.4752,0.3228,17.699
Corrugated Cardboard,Paper,7.0,20.57,8.0,86.97,2.29,9.66,0.2633,0.7246,22.365
Corrugated Cardboard,Paper,8.0,21.38,9.0,81.66,3.41,8.28,0.4176,0.9662,21.891
Aluminum Can,Metal,9.0,34.36,2.0,74.67,8.02,23.37,1.0741,0.3851,18.332
Hemp Fiber Board,Natural Fiber,8.0,30.96,8.0,77.89,2.91,18.98,0.3736,0.4215,20.887
LDPE Recycled,Plastic,7.0,35.47,3.0,92.82,6.95,21.88,0.7488,0.3199,21.569
Reusable Plastic Crate,Plastic,10.0,50.27,2.0,41.51,8.56,25.66,2.0622,0.3897,12.046
Tempered Glass Packaging,Glass,10.0,49.44,1.0,20.0,12.0,28.69,6.0,0.3486,7.1
Biodegradable PLA,Bioplastic,9.0,28.55,7.0,65.04,5.64,23.06,0.8672,0.3903,18.144
Molded Pulp,Pulp,8.0,25.82,9.0,92.32,4.38,16.22,0.4744,0.4932,23.926
Kraft Paper,Paper,6.0,16.05,9.0,87.53,2.75,9.6,0.3142,0.625,22.331
Seaweed Packaging,Biopolymer,6.0,18.25,10.0,90.12,1.07,16.99,0.1187,0.3531,23.317
Aluminum Can,Metal,8.0,39.44,3.0,72.81,7.13,19.59,0.9793,0.4084,17.949
Cornstarch Packaging,Biopolymer,8.0,21.35,9.0,84.06,2.11,15.58,0.251,0.5135,22.501
Starch-Based Plastic,Bioplastic,6.0,24.21,8.0,71.6,5.0,11.48,0.6983,0.5226,18.62
Biodegradable PLA,Bioplastic,9.0,30.31,7.0,62.13,5.28,21.67,0.8498,0.4153,17.598
Kraft Paper,Paper,6.0,13.71,9.0,88.21,3.46,11.82,0.3922,0.5076,22.396
Hemp Fiber Board,Natural Fiber,9.0,31.49,9.0,77.8,3.71,17.21,0.4769,0.523,21.489
Kraft Paper,Paper,6.0,15.62,9.0,88.05,2.92,11.82,0.3316,0.5076,22.418
Compostable PBAT,Bioplastic,7.0,26.54,9.0,72.52,6.45,18.6,0.8894,0.3763,19.359
Plywood Box,Wood,10.0,48.95,5.0,51.76,4.78,28.02,0.9235,0.3569,15.374
Biodegradable PLA,Bioplastic,9.0,24.38,7.0,65.39,5.18,21.43,0.7922,0.42,18.26
Aluminum Can,Metal,8.0,34.54,3.0,76.03,4.79,29.14,0.63,0.2745,18.827
Tempered Glass Packaging,Glass,10.0,51.64,2.0,26.95,11.39,33.7,4.2263,0.2967,8.851
Wooden Crate,Wood,6.0,41.9,6.0,63.65,3.28,28.6,0.5153,0.2098,16.602
Reusable Plastic Crate,Plastic,10.0,44.3,3.0,38.1,8.85,28.54,2.3228,0.3504,11.635
Corrugated Cardboard,Paper,8.0,18.82,8.0,78.87,2.82,7.74,0.3576,1.0336,21.092
Cornstarch Packaging,Biopolymer,7.0,18.38,8.0,80.26,2.41,19.14,0.3003,0.3657,21.011
HDPE Recycled,Plastic,8.0,34.8,2.0,89.42,7.11,23.68,0.7951,0.3378,20.973
Tin Container,Metal,9.0,42.27,2.0,73.36,7.84,28.56,1.0687,0.3151,18.088
Aluminum Can,Metal,8.0,35.14,3.0,71.42,7.89,26.25,1.1047,0.3048,17.595
Compostable PBAT,Bioplastic,8.0,27.03,8.0,63.82,4.01,21.4,0.6283,0.3738,17.963
Recycled Paperboard,Paper,6.0,18.45,9.0,91.21,4.62,13.35,0.5065,0.4494,22.88
Palm Leaf Packaging,Natural Fiber,6.0,15.54,10.0,86.38,4.11,13.94,0.4758,0.4304,22.265
Molded Pulp,Pulp,8.0,22.37,8.0,91.84,2.75,15.37,0.2994,0.5205,23.693
Molded Pulp,Pulp,8.0,26.78,9.0,98.3,2.93,15.55,0.2981,0.5145,25.267
Palm Leaf Packaging,Natural Fiber,5.0,13.5,10.0,83.56,2.31,14.35,0.2764,0.3484,21.481
Molded Pulp,Pulp,8.0,22.67,9.0,94.35,1.96,10.14,0.2077,0.789,24.574
Palm Leaf Packaging,Natural Fiber,6.0,15.43,10.0,90.16,1.95,16.28,0.2163,0.3686,23.237
Hemp Fiber Board,Natural Fiber,8.0,30.29,9.0,76.57,2.0,19.32,0.2612,0.4141,21.014
Recycled Paperboard,Paper,5.0,16.62,8.0,88.81,2.42,14.7,0.2725,0.3401,21.92
Bagasse Fiber,Natural Fiber,6.0,17.52,10.0,79.67,2.55,12.48,0.3201,0.4808,21.079
Molded Pulp,Pulp,8.0,26.08,9.0,91.29,2.88,13.15,0.3155,0.6084,23.87
Kraft Paper,Paper,6.0,15.86,10.0,88.85,2.74,7.92,0.3084,0.7576,22.896
HDPE Recycled,Plastic,7.0,40.52,2.0,88.03,6.62,24.63,0.752,0.2842,20.344
Palm Leaf Packaging,Natural Fiber,5.0,14.63,10.0,83.79,2.47,14.03,0.2948,0.3564,21.511
Kraft Paper,Paper,5.0,12.91,10.0,92.14,4.18,10.28,0.4537,0.4864,23.01
Bagasse Fiber,Natural Fiber,6.0,14.43,10.0,82.1,2.52,16.49,0.3069,0.3639,21.568
Recycled PET,Plastic,10.0,37.32,3.0,89.07,5.47,22.41,0.6141,0.4462,22.167
Reusable Plastic Crate,Plastic,8.0,34.43,2.0,35.0,9.38,27.46,2.68,0.2913,9.862
Biodegradable PLA,Bioplastic,8.0,29.74,7.0,60.45,4.04,19.35,0.6683,0.4134,16.986
Reusable Plastic Crate,Plastic,10.0,44.38,2.0,44.49,9.09,27.98,2.0432,0.3574,12.589
Glass Bottle,Glass,9.0,40.07,1.0,23.59,10.87,26.76,4.6079,0.3363,7.531
Recycled PET,Plastic,9.0,34.24,2.0,83.28,8.14,18.46,0.9774,0.4875,20.042
Tempered Glass Packaging,Glass,10.0,47.27,1.0,24.31,11.18,27.38,4.5989,0.3652,8.044
HDPE Recycled,Plastic,8.0,43.28,2.0,92.4,8.88,25.91,0.961,0.3088,21.392
Bagasse Fiber,Natural Fiber,6.0,16.52,10.0,81.42,3.25,14.36,0.3992,0.4178,21.359
LDPE Recycled,Plastic,7.0,30.86,2.0,89.31,7.81,19.86,0.8745,0.3525,20.481
Kraft Paper,Paper,5.0,12.45,8.0,88.53,2.93,12.19,0.331,0.4102,21.813
Recycled PET,Plastic,8.0,32.88,3.0,91.2,6.82,18.12,0.7478,0.4415,21.658
Hemp Fiber Board,Natural Fiber,8.0,31.55,9.0,74.28,2.12,18.08,0.2854,0.4425,20.544
Recycled Paperboard,Paper,6.0,15.08,8.0,92.41,4.62,7.85,0.4999,0.7643,22.82
Molded Pulp,Pulp,8.0,24.62,8.0,93.7,2.27,16.75,0.2423,0.4776,24.113
Biodegradable PLA,Bioplastic,8.0,27.0,7.0,67.95,4.05,18.75,0.596,0.4267,18.485
Palm Leaf Packaging,Natural Fiber,6.0,15.09,10.0,83.47,4.07,15.54,0.4876,0.3861,21.687
Tempered Glass Packaging,Glass,9.0,46.33,1.0,30.89,10.94,27.14,3.5416,0.3316,8.984
Molded Pulp,Pulp,8.0,26.75,9.0,96.66,4.15,15.17,0.4293,0.5274,24.817
Biodegradable PLA,Bioplastic,9.0,26.95,8.0,66.58,5.94,17.33,0.8922,0.5193,18.722
Biodegradable PLA,Bioplastic,9.0,28.55,7.0,69.38,6.08,24.31,0.8763,0.3702,18.968
Palm Leaf Packaging,Natural Fiber,5.0,15.39,10.0,88.61,3.11,13.97,0.351,0.3579,22.411
Tin Container,Metal,9.0,38.95,2.0,69.03,8.27,26.36,1.198,0.3414,17.179
Glass Bottle,Glass,10.0,39.31,1.0,33.76,9.1,24.21,2.6955,0.4131,10.142
Recycled PET,Plastic,9.0,32.87,3.0,79.77,7.65,22.94,0.959,0.3923,19.689
LDPE Recycled,Plastic,7.0,29.14,2.0,84.37,6.48,24.27,0.768,0.2884,19.626
Cornstarch Packaging,Biopolymer,8.0,18.52,9.0,81.4,4.24,16.14,0.5209,0.4957,21.756
Molded Pulp,Pulp,9.0,24.75,9.0,93.31,3.2,13.11,0.3429,0.6865,24.642
Wooden Crate,Wood,8.0,40.69,6.0,59.39,3.38,26.96,0.5691,0.2967,16.54
Cornstarch Packaging,Biopolymer,7.0,20.27,9.0,84.01,3.01,18.66,0.3583,0.3751,22.001
Biodegradable PLA,Bioplastic,9.0,26.68,7.0,69.73,4.98,22.7,0.7142,0.3965,19.148
LDPE Recycled,Plastic,8.0,35.16,3.0,84.78,8.38,20.47,0.9884,0.3908,20.218
Tin Container,Metal,10.0,38.39,2.0,74.54,6.88,26.58,0.923,0.3762,18.82
LDPE Recycled,Plastic,7.0,34.08,1.0,85.26,7.06,20.7,0.8281,0.3382,19.446
Recycled PET,Plastic,9.0,34.78,3.0,85.01,8.84,18.78,1.0399,0.4792,20.618
Reusable Plastic Crate,Plastic,10.0,49.95,2.0,38.82,9.96,28.85,2.5657,0.3466,11.368
Glass Bottle,Glass,8.0,43.7,1.0,24.71,10.36,22.96,4.1926,0.3484,7.406
Tin Container,Metal,8.0,41.38,2.0,73.81,8.59,28.08,1.1638,0.2849,17.703
Plywood Box,Wood,9.0,46.85,5.0,53.94,7.04,32.26,1.3052,0.279,15.184
Compostable PBAT,Bioplastic,8.0,25.1,7.0,70.48,5.72,18.53,0.8116,0.4317,18.824
Wooden Crate,Wood,9.0,46.01,5.0,59.83,5.39,25.91,0.9009,0.3474,16.527
Aluminum Can,Metal,8.0,31.63,3.0,74.24,7.61,24.14,1.0251,0.3314,18.187
Recycled PET,Plastic,9.0,34.26,3.0,83.95,6.58,17.95,0.7838,0.5014,20.632
Tempered Glass Packaging,Glass,10.0,41.32,1.0,23.83,12.32,28.05,5.17,0.3565,7.834
Reusable Plastic Crate,Plastic,10.0,49.63,3.0,41.28,10.09,30.49,2.4443,0.328,12.147
Seaweed Packaging,Biopolymer,6.0,16.81,10.0,84.2,3.25,20.62,0.386,0.291,21.915
Molded Pulp,Pulp,7.0,24.16,9.0,94.56,2.42,16.15,0.2559,0.4334,24.17
Recycled Paperboard,Paper,7.0,17.56,8.0,85.4,3.24,9.82,0.3794,0.7128,21.956
Palm Leaf Packaging,Natural Fiber,6.0,16.08,10.0,80.71,2.09,11.85,0.259,0.5063,21.333
Corrugated Cardboard,Paper,8.0,20.3,7.0,78.8,3.17,10.9,0.4023,0.7339,20.743
Wooden Crate,Wood,7.0,47.28,6.0,60.6,3.72,26.92,0.6139,0.26,16.348
Biodegradable PLA,Bioplastic,9.0,32.18,7.0,64.8,4.75,17.79,0.733,0.5059,18.185
HDPE Recycled,Plastic,9.0,40.52,1.0,85.36,9.82,23.51,1.1504,0.3828,19.99
Wooden Crate,Wood,8.0,41.32,7.0,63.22,4.73,22.76,0.7482,0.3515,17.471
Plywood Box,Wood,9.0,51.38,5.0,52.24,6.39,29.05,1.2232,0.3098,14.909
Kraft Paper,Paper,6.0,13.59,9.0,87.07,2.78,9.31,0.3193,0.6445,22.236
Reusable Plastic Crate,Plastic,10.0,49.14,2.0,41.56,7.86,22.89,1.8912,0.4369,12.126
Kraft Paper,Paper,5.0,14.44,9.0,86.74,3.91,9.39,0.4508,0.5325,21.657
Bagasse Fiber,Natural Fiber,6.0,19.73,10.0,90.38,4.2,15.46,0.4647,0.3881,23.056
Palm Leaf Packaging,Natural Fiber,6.0,14.91,10.0,81.63,2.37,16.87,0.2903,0.3557,21.489
Kraft Paper,Paper,7.0,15.71,9.0,85.06,5.06,8.65,0.5949,0.8092,22.006
HDPE Recycled,Plastic,7.0,44.33,2.0,88.0,7.76,22.2,0.8818,0.3153,20.224
Corrugated Cardboard,Paper,8.0,20.93,8.0,84.55,4.29,8.16,0.5074,0.9804,22.081
Mushroom Packaging,Biopolymer,5.0,14.51,10.0,90.03,3.08,18.93,0.3421,0.2641,22.698
Cornstarch Packaging,Biopolymer,8.0,20.96,9.0,86.32,4.42,16.4,0.512,0.4878,22.722
Glass Bottle,Glass,10.0,42.63,2.0,36.38,11.5,27.58,3.1611,0.3626,10.726
LDPE Recycled,Plastic,7.0,32.88,3.0,86.5,7.09,21.69,0.8197,0.3227,20.291
Starch-Based Plastic,Bioplastic,7.0,24.09,8.0,73.78,2.98,19.32,0.4039,0.3623,19.658
Recycled Paperboard,Paper,7.0,20.05,9.0,93.41,3.49,9.83,0.3736,0.7121,23.833
Starch-Based Plastic,Bioplastic,7.0,23.25,8.0,70.44,7.39,17.03,1.0491,0.411,18.549
Reusable Plastic Crate,Plastic,9.0,49.58,2.0,43.11,9.13,28.24,2.1178,0.3187,11.909
Molded Pulp,Pulp,8.0,26.3,8.0,92.08,1.05,11.44,0.114,0.6993,23.911
Bagasse Fiber,Natural Fiber,6.0,18.72,10.0,86.36,2.36,18.74,0.2733,0.3202,22.436
Bagasse Fiber,Natural Fiber,6.0,20.33,10.0,80.2,2.98,16.51,0.3716,0.3634,21.142
Kraft Paper,Paper,7.0,15.67,9.0,87.78,3.3,8.66,0.3759,0.8083,22.726
Glass Bottle,Glass,8.0,42.2,1.0,23.89,9.52,20.89,3.9849,0.383,7.326
Recycled PET,Plastic,9.0,33.09,3.0,86.67,6.63,20.06,0.765,0.4487,21.171
Molded Pulp,Pulp,8.0,24.8,9.0,95.61,1.86,18.18,0.1945,0.44,24.836
Molded Pulp,Pulp,8.0,24.48,9.0,97.15,3.05,11.43,0.3139,0.6999,25.025
HDPE Recycled,Plastic,8.0,38.32,2.0,95.0,8.18,27.28,0.8611,0.2933,21.982
Corrugated Cardboard,Paper,7.0,18.86,9.0,86.75,3.24,15.84,0.3735,0.4419,22.526
Starch-Based Plastic,Bioplastic,7.0,21.66,8.0,76.6,5.06,15.68,0.6606,0.4464,20.014
Tempered Glass Packaging,Glass,10.0,40.44,1.0,33.51,10.61,30.18,3.1662,0.3313,9.941
Molded Pulp,Pulp,9.0,28.26,9.0,92.8,3.39,13.44,0.3653,0.6696,24.521
Plywood Box,Wood,9.0,50.44,5.0,53.13,4.52,30.55,0.8507,0.2946,15.274
Recycled Paperboard,Paper,7.0,19.27,9.0,94.44,3.87,11.56,0.4098,0.6055,24.001
Mushroom Packaging,Biopolymer,7.0,20.33,9.0,91.0,2.41,24.23,0.2648,0.2889,23.459
Starch-Based Plastic,Bioplastic,7.0,25.78,9.0,74.99,4.95,20.9,0.6601,0.3349,20.003
Reusable Plastic Crate,Plastic,9.0,52.45,2.0,38.33,8.45,27.93,2.2045,0.3222,11.021
Wooden Crate,Wood,8.0,43.38,6.0,59.7,4.8,29.3,0.804,0.273,16.46
Tin Container,Metal,8.0,37.28,2.0,70.57,9.24,26.36,1.3093,0.3035,16.99
Plywood Box,Wood,9.0,55.91,5.0,59.29,5.35,31.96,0.9023,0.2816,16.423
Starch-Based Plastic,Bioplastic,7.0,26.65,9.0,74.38,6.02,21.34,0.8094,0.328,19.774
Molded Pulp,Pulp,7.0,22.75,8.0,95.54,2.76,10.69,0.2889,0.6548,24.032
Tempered Glass Packaging,Glass,10.0,45.7,1.0,31.08,10.33,29.89,3.3237,0.3346,9.483
LDPE Recycled,Plastic,7.0,33.3,2.0,94.99,7.09,23.78,0.7464,0.2944,21.689
Bagasse Fiber,Natural Fiber,6.0,20.26,9.0,89.15,3.42,15.64,0.3836,0.3836,22.588
LDPE Recycled,Plastic,7.0,34.27,2.0,87.21,6.66,19.23,0.7637,0.364,20.176
LDPE Recycled,Plastic,8.0,32.77,2.0,87.66,7.35,23.51,0.8385,0.3403,20.597
Hemp Fiber Board,Natural Fiber,8.0,30.96,9.0,75.88,2.63,18.33,0.3466,0.4364,20.813
Reusable Plastic Crate,Plastic,9.0,51.89,2.0,42.77,9.59,30.58,2.2422,0.2943,11.795
Plywood Box,Wood,10.0,50.56,4.0,54.17,4.38,32.76,0.8086,0.3053,15.596
Biodegradable PLA,Bioplastic,9.0,29.5,8.0,63.58,5.48,21.29,0.8619,0.4227,18.168
Hemp Fiber Board,Natural Fiber,8.0,31.45,8.0,82.8,4.06,16.11,0.4903,0.4966,21.754
Recycled Paperboard,Paper,6.0,19.7,9.0,88.08,3.8,8.14,0.4314,0.7371,22.336
Tempered Glass Packaging,Glass,10.0,41.39,1.0,29.37,12.02,29.07,4.0926,0.344,8.972
Bamboo Fiber Packaging,Natural Fiber,7.0,21.08,9.0,78.22,2.96,16.23,0.3784,0.4313,20.848
Biodegradable PLA,Bioplastic,9.0,27.63,6.0,63.68,7.68,17.6,1.206,0.5114,17.368
Compostable PBAT,Bioplastic,8.0,23.21,9.0,73.56,4.26,18.79,0.5791,0.4258,20.186
Kraft Paper,Paper,7.0,16.61,9.0,91.44,3.63,11.53,0.397,0.6071,23.425
Compostable PBAT,Bioplastic,9.0,24.71,8.0,73.42,5.21,21.86,0.7096,0.4117,20.163
Recycled Paperboard,Paper,5.0,18.85,10.0,95.15,3.35,10.3,0.3521,0.4854,23.695
Wooden Crate,Wood,8.0,52.14,7.0,57.5,5.03,24.4,0.8748,0.3279,16.297
Mushroom Packaging,Biopolymer,6.0,20.17,10.0,91.96,2.31,23.92,0.2512,0.2508,23.561
Steel Packaging,Metal,10.0,56.48,1.0,73.5,9.99,35.87,1.3592,0.2788,18.001
HDPE Recycled,Plastic,8.0,37.3,1.0,86.27,6.83,26.17,0.7917,0.3057,20.071
Compostable PBAT,Bioplastic,7.0,25.0,8.0,74.35,6.05,20.34,0.8137,0.3441,19.465
Steel Packaging,Metal,10.0,55.03,2.0,68.43,10.31,31.45,1.5066,0.318,17.255
LDPE Recycled,Plastic,8.0,34.2,3.0,95.0,6.97,23.74,0.7337,0.337,22.403
Molded Pulp,Pulp,8.0,22.91,9.0,91.59,1.46,14.71,0.1594,0.5438,24.072
Biodegradable PLA,Bioplastic,9.0,29.35,8.0,72.09,5.06,20.53,0.7019,0.4384,19.912
Tempered Glass Packaging,Glass,10.0,46.42,1.0,30.12,10.09,31.91,3.3499,0.3134,9.315
Recycled Paperboard,Paper,7.0,18.51,9.0,91.15,4.59,14.7,0.5036,0.4762,23.271
Recycled PET,Plastic,9.0,36.9,3.0,87.12,7.11,19.14,0.8161,0.4702,21.213
Palm Leaf Packaging,Natural Fiber,6.0,14.8,10.0,84.07,3.96,11.16,0.471,0.5376,21.818
Kraft Paper,Paper,6.0,16.84,9.0,91.28,3.32,11.65,0.3637,0.515,23.024
Molded Pulp,Pulp,8.0,26.74,9.0,98.92,2.17,12.71,0.2194,0.6294,25.467
HDPE Recycled,Plastic,8.0,44.26,1.0,87.67,8.8,24.6,1.0038,0.3252,20.154
Palm Leaf Packaging,Natural Fiber,6.0,12.45,9.0,84.16,2.54,14.16,0.3018,0.4237,21.678
Kraft Paper,Paper,7.0,16.98,8.0,90.85,5.43,11.08,0.5977,0.6318,22.827
Starch-Based Plastic,Bioplastic,7.0,22.36,9.0,70.45,3.85,21.39,0.5465,0.3273,19.205
Molded Pulp,Pulp,9.0,28.73,9.0,88.82,2.83,16.23,0.3186,0.5545,23.781
Molded Pulp,Pulp,8.0,27.2,9.0,95.99,1.76,8.01,0.1834,0.9988,24.922
Molded Pulp,Pulp,8.0,24.02,9.0,95.34,2.79,16.92,0.2926,0.4728,24.689
Recycled PET,Plastic,9.0,33.89,3.0,80.72,6.83,21.07,0.8461,0.4271,19.961
Glass Bottle,Glass,9.0,36.11,1.0,29.4,9.03,22.72,3.0714,0.3961,8.877
Reusable Plastic Crate,Plastic,10.0,48.67,1.0,36.79,8.19,26.51,2.2261,0.3772,10.839
Aluminum Can,Metal,7.0,40.72,4.0,72.05,7.24,23.46,1.0049,0.2984,17.686
Plywood Box,Wood,10.0,54.33,5.0,52.11,5.51,30.86,1.0574,0.324,15.371
Plywood Box,Wood,8.0,48.73,5.0,55.14,5.73,31.4,1.0392,0.2548,15.155
Bagasse Fiber,Natural Fiber,6.0,19.03,10.0,90.93,2.67,10.56,0.2936,0.5682,23.319
Bamboo Fiber Packaging,Natural Fiber,7.0,22.22,9.0,78.73,3.04,15.97,0.3861,0.4383,20.942
Glass Bottle,Glass,10.0,43.4,1.0,24.85,10.01,28.27,4.0282,0.3537,8.269
Seaweed Packaging,Biopolymer,6.0,18.99,10.0,88.42,1.92,16.55,0.2171,0.3625,22.892
Plywood Box,Wood,10.0,54.86,6.0,56.88,4.14,32.56,0.7278,0.3071,16.762
Reusable Plastic Crate,Plastic,10.0,48.67,2.0,39.17,9.66,28.03,2.4662,0.3568,11.468
Steel Packaging,Metal,10.0,54.06,1.0,67.48,9.23,40.34,1.3678,0.2479,16.873
Molded Pulp,Pulp,8.0,23.03,9.0,96.41,2.9,11.64,0.3008,0.6873,24.892
Corrugated Cardboard,Paper,6.0,20.13,8.0,86.76,3.29,10.85,0.3792,0.553,21.823
Kraft Paper,Paper,6.0,15.21,8.0,92.47,3.78,11.78,0.4088,0.5093,22.916
Glass Bottle,Glass,9.0,38.39,1.0,30.68,11.95,25.74,3.895,0.3497,8.841
Recycled Paperboard,Paper,6.0,19.69,9.0,88.86,3.98,6.16,0.4479,0.974,22.474
Recycled Paperboard,Paper,6.0,15.59,9.0,87.83,3.39,9.55,0.386,0.6283,22.327
Steel Packaging,Metal,9.0,49.51,1.0,66.31,8.01,32.68,1.208,0.2754,16.361
Glass Bottle,Glass,9.0,43.52,1.0,33.65,11.59,20.19,3.4443,0.4458,9.471
Bagasse Fiber,Natural Fiber,5.0,14.07,10.0,83.57,2.09,15.99,0.2501,0.3127,21.505
Molded Pulp,Pulp,8.0,23.73,9.0,91.59,1.0,11.25,0.1092,0.7111,24.118
Tempered Glass Packaging,Glass,9.0,46.24,1.0,27.84,10.62,27.3,3.8147,0.3297,8.406
Bagasse Fiber,Natural Fiber,5.0,14.97,9.0,84.56,3.09,15.45,0.3654,0.3236,21.303
Bagasse Fiber,Natural Fiber,6.0,17.51,10.0,86.04,2.37,14.53,0.2755,0.4129,22.371
Biodegradable PLA,Bioplastic,9.0,25.08,7.0,68.47,3.69,21.09,0.5389,0.4267,19.025
Bamboo Fiber Packaging,Natural Fiber,6.0,21.31,9.0,75.1,3.3,17.34,0.4394,0.346,19.79
Recycled PET,Plastic,10.0,33.86,4.0,87.34,7.26,19.33,0.8312,0.5173,21.942
Starch-Based Plastic,Bioplastic,7.0,23.85,9.0,77.74,4.66,17.06,0.5994,0.4103,20.582
Glass Bottle,Glass,9.0,38.24,1.0,34.69,10.48,23.34,3.021,0.3856,9.79
Molded Pulp,Pulp,7.0,23.54,10.0,92.08,2.25,10.94,0.2444,0.6399,23.991
Molded Pulp,Pulp,9.0,29.99,9.0,90.36,1.15,9.53,0.1273,0.9444,24.257
Bagasse Fiber,Natural Fiber,6.0,17.24,10.0,86.99,2.93,14.67,0.3368,0.409,22.505
Molded Pulp,Pulp,8.0,25.5,9.0,94.19,2.68,15.37,0.2845,0.5205,24.47
Wooden Crate,Wood,8.0,41.06,6.0,61.64,4.44,23.4,0.7203,0.3419,16.884
Corrugated Cardboard,Paper,6.0,19.24,8.0,84.77,2.74,11.82,0.3232,0.5076,21.48
Molded Pulp,Pulp,9.0,24.3,9.0,96.74,2.12,17.45,0.2191,0.5158,25.436
Recycled Paperboard,Paper,5.0,16.14,9.0,86.73,2.84,11.01,0.3275,0.4541,21.762
Corrugated Cardboard,Paper,7.0,19.38,8.0,79.96,2.77,14.79,0.3464,0.4733,20.915
Bamboo Fiber Packaging,Natural Fiber,6.0,23.03,9.0,81.56,3.2,16.1,0.3923,0.3727,21.092
Starch-Based Plastic,Bioplastic,7.0,22.24,8.0,70.18,4.97,19.89,0.7082,0.3519,18.739
Wooden Crate,Wood,8.0,44.12,6.0,65.81,3.16,26.53,0.4802,0.3015,17.846
Wooden Crate,Wood,8.0,44.27,6.0,60.24,5.23,27.92,0.8682,0.2865,16.525
Glass Bottle,Glass,9.0,38.91,1.0,27.14,11.2,22.11,4.1268,0.4071,8.208
Bagasse Fiber,Natural Fiber,6.0,16.46,9.0,84.48,3.11,13.83,0.3681,0.4338,21.685
Corrugated Cardboard,Paper,7.0,19.72,9.0,87.0,2.6,13.81,0.2989,0.5069,22.64
Hemp Fiber Board,Natural Fiber,7.0,30.38,9.0,71.79,1.71,19.44,0.2382,0.3601,19.687
Cornstarch Packaging,Biopolymer,7.0,18.28,9.0,83.14,3.86,16.12,0.4643,0.4342,21.742
Hemp Fiber Board,Natural Fiber,8.0,31.16,10.0,79.6,2.88,21.64,0.3618,0.3697,21.832
Tin Container,Metal,8.0,35.76,2.0,69.95,7.05,29.11,1.0079,0.2748,17.085
Kraft Paper,Paper,6.0,16.47,10.0,88.82,2.04,6.56,0.2297,0.9146,22.96
Recycled PET,Plastic,9.0,38.21,3.0,87.8,7.77,24.77,0.885,0.3633,21.283
Hemp Fiber Board,Natural Fiber,8.0,32.7,9.0,76.29,3.3,20.48,0.4326,0.3906,20.828
Mushroom Packaging,Biopolymer,7.0,20.42,10.0,90.43,1.61,18.82,0.178,0.3719,23.725
Wooden Crate,Wood,9.0,49.27,6.0,57.69,5.79,26.54,1.0036,0.3391,16.359
Kraft Paper,Paper,6.0,15.53,10.0,91.3,3.02,8.94,0.3308,0.6711,23.358
Biodegradable PLA,Bioplastic,9.0,25.73,7.0,63.59,5.0,18.42,0.7863,0.4886,17.918
Hemp Fiber Board,Natural Fiber,7.0,29.11,9.0,82.61,2.32,20.24,0.2808,0.3458,21.79
Tin Container,Metal,10.0,41.33,2.0,73.81,7.52,28.88,1.0188,0.3463,18.61
HDPE Recycled,Plastic,7.0,37.1,1.0,86.54,7.65,22.72,0.884,0.3081,19.643
Plywood Box,Wood,9.0,48.0,6.0,55.2,4.1,31.57,0.7428,0.2851,16.03
Hemp Fiber Board,Natural Fiber,7.0,27.1,9.0,82.2,2.02,14.71,0.2457,0.4759,21.738
Recycled PET,Plastic,9.0,31.34,3.0,85.37,7.19,20.19,0.8422,0.4458,20.855
Wooden Crate,Wood,8.0,44.75,6.0,62.05,5.04,27.31,0.8122,0.2929,16.906
Aluminum Can,Metal,8.0,35.86,3.0,73.52,7.55,21.41,1.0269,0.3737,18.049
Corrugated Cardboard,Paper,7.0,21.13,9.0,88.35,5.17,9.66,0.5852,0.7246,22.653
Biodegradable PLA,Bioplastic,9.0,28.01,7.0,63.29,4.24,21.24,0.6699,0.4237,17.934
Glass Bottle,Glass,9.0,38.46,1.0,28.6,10.58,22.37,3.6993,0.4023,8.562
Starch-Based Plastic,Bioplastic,8.0,27.8,8.0,72.27,4.03,14.3,0.5576,0.5594,19.651
Tempered Glass Packaging,Glass,10.0,40.57,1.0,31.09,11.07,29.1,3.5606,0.3436,9.411
HDPE Recycled,Plastic,8.0,41.2,2.0,87.28,8.31,26.94,0.9521,0.297,20.425
HDPE Recycled,Plastic,9.0,39.01,3.0,92.87,6.76,19.84,0.7279,0.4536,22.398
Bagasse Fiber,Natural Fiber,6.0,19.0,9.0,80.28,3.81,21.46,0.4746,0.2796,20.775
Bamboo Fiber Packaging,Natural Fiber,7.0,19.69,9.0,84.97,4.05,18.45,0.4766,0.3794,22.089
Tempered Glass Packaging,Glass,10.0,43.91,1.0,32.05,10.2,29.61,3.1825,0.3377,9.69
Corrugated Cardboard,Paper,7.0,19.86,9.0,85.02,2.02,8.08,0.2376,0.8663,22.302
Bamboo Fiber Packaging,Natural Fiber,7.0,21.88,9.0,79.81,5.06,17.34,0.634,0.4037,20.956
Recycled Paperboard,Paper,7.0,21.38,8.0,80.33,3.77,8.77,0.4693,0.7982,20.889
Tin Container,Metal,9.0,39.07,2.0,68.63,8.59,27.41,1.2516,0.3283,17.067
Plywood Box,Wood,9.0,45.18,6.0,60.51,4.8,31.34,0.7933,0.2872,17.022
Bamboo Fiber Packaging,Natural Fiber,8.0,23.99,9.0,81.28,2.37,16.41,0.2916,0.4875,21.919
HDPE Recycled,Plastic,8.0,42.82,3.0,88.9,6.87,20.31,0.7728,0.3939,21.193
Recycled PET,Plastic,9.0,34.66,3.0,81.88,7.83,24.74,0.9563,0.3638,20.093
Compostable PBAT,Bioplastic,7.0,24.68,8.0,75.7,5.68,17.55,0.7503,0.3989,19.772
HDPE Recycled,Plastic,9.0,41.68,2.0,83.57,7.94,23.1,0.9501,0.3896,20.12
Bagasse Fiber,Natural Fiber,6.0,16.23,10.0,80.45,1.33,15.48,0.1653,0.3876,21.357
Recycled PET,Plastic,9.0,35.19,3.0,81.05,8.21,23.86,1.013,0.3772,19.889
Corrugated Cardboard,Paper,8.0,23.97,8.0,84.07,5.21,9.82,0.6197,0.8147,21.893
Reusable Plastic Crate,Plastic,9.0,51.15,2.0,35.0,8.84,25.18,2.5257,0.3574,10.316
Recycled PET,Plastic,9.0,32.56,2.0,88.15,5.26,19.01,0.5967,0.4734,21.304
Reusable Plastic Crate,Plastic,10.0,52.73,2.0,35.37,10.24,25.62,2.8951,0.3903,10.65
HDPE Recycled,Plastic,7.0,37.94,1.0,88.18,6.66,25.54,0.7553,0.2741,20.07
Plywood Box,Wood,9.0,47.37,4.0,51.29,3.45,34.0,0.6726,0.2647,14.713
Bamboo Fiber Packaging,Natural Fiber,7.0,21.23,9.0,76.9,2.35,13.58,0.3056,0.5155,20.645
Cornstarch Packaging,Biopolymer,7.0,21.96,9.0,82.02,2.16,14.72,0.2634,0.4755,21.688
Corrugated Cardboard,Paper,7.0,18.02,7.0,76.71,2.84,11.25,0.3702,0.6222,19.958
Recycled Paperboard,Paper,5.0,16.17,9.0,89.47,4.29,8.23,0.4795,0.6075,22.165
Hemp Fiber Board,Natural Fiber,7.0,26.32,9.0,81.26,3.05,17.33,0.3753,0.4039,21.447
LDPE Recycled,Plastic,6.0,29.97,2.0,88.97,7.46,21.92,0.8385,0.2737,20.048
Mushroom Packaging,Biopolymer,7.0,21.94,10.0,92.25,1.56,21.93,0.1691,0.3192,24.094
Kraft Paper,Paper,5.0,12.16,9.0,89.03,2.31,10.41,0.2595,0.4803,22.275
Recycled Paperboard,Paper,6.0,19.01,9.0,87.41,4.41,8.45,0.5045,0.7101,22.141
Corrugated Cardboard,Paper,7.0,21.15,8.0,80.53,3.81,12.58,0.4731,0.5564,20.925
Wooden Crate,Wood,7.0,41.95,6.0,56.74,4.42,27.08,0.779,0.2585,15.506
Recycled Paperboard,Paper,5.0,15.5,9.0,86.1,2.93,9.27,0.3403,0.5394,21.627
Biodegradable PLA,Bioplastic,9.0,24.17,7.0,58.68,5.91,19.98,1.0072,0.4505,16.845
Glass Bottle,Glass,9.0,45.6,1.0,33.21,10.86,25.32,3.2701,0.3555,9.456
Kraft Paper,Paper,6.0,14.51,9.0,81.87,2.9,11.57,0.3542,0.5186,21.184
Bagasse Fiber,Natural Fiber,5.0,16.17,9.0,83.64,1.5,13.11,0.1793,0.3814,21.278
Corrugated Cardboard,Paper,6.0,18.29,8.0,80.29,2.66,10.22,0.3313,0.5871,20.592
Cornstarch Packaging,Biopolymer,7.0,19.41,9.0,80.16,3.74,16.16,0.4666,0.4332,21.158
LDPE Recycled,Plastic,7.0,30.25,2.0,85.25,8.35,24.18,0.9795,0.2895,19.615
Kraft Paper,Paper,6.0,15.0,9.0,85.69,4.01,11.04,0.468,0.5435,21.837
Compostable PBAT,Bioplastic,8.0,27.68,8.0,67.79,4.78,20.97,0.7051,0.3815,18.68
Reusable Plastic Crate,Plastic,9.0,44.67,2.0,44.68,10.0,29.23,2.2381,0.3079,12.136
Corrugated Cardboard,Paper,7.0,19.63,8.0,84.62,4.75,7.3,0.5613,0.9589,21.649
Cornstarch Packaging,Biopolymer,7.0,20.28,10.0,78.38,2.59,15.46,0.3304,0.4528,21.217
Compostable PBAT,Bioplastic,9.0,30.08,8.0,70.59,5.15,20.2,0.7296,0.4455,19.603
Recycled PET,Plastic,9.0,36.01,3.0,82.68,7.58,24.32,0.9168,0.3701,20.278
Steel Packaging,Metal,9.0,57.21,1.0,69.85,8.87,29.93,1.2699,0.3007,16.983
Biodegradable PLA,Bioplastic,9.0,27.88,8.0,66.2,5.65,21.28,0.8535,0.4229,18.675
Plywood Box,Wood,9.0,50.16,5.0,57.44,5.79,33.24,1.008,0.2708,16.009
Molded Pulp,Pulp,9.0,23.62,9.0,94.6,2.95,9.83,0.3118,0.9156,24.925
Hemp Fiber Board,Natural Fiber,9.0,32.6,8.0,80.5,2.93,18.87,0.364,0.4769,21.807
Kraft Paper,Paper,5.0,13.84,9.0,89.78,2.17,11.07,0.2417,0.4517,22.439
Hemp Fiber Board,Natural Fiber,8.0,29.26,10.0,77.45,3.07,19.57,0.3964,0.4088,21.383
Recycled Paperboard,Paper,6.0,19.99,9.0,93.22,3.29,9.67,0.3529,0.6205,23.415
Glass Bottle,Glass,9.0,38.08,1.0,28.21,11.42,26.32,4.0482,0.3419,8.4
Bagasse Fiber,Natural Fiber,6.0,15.26,10.0,87.46,3.9,17.21,0.4459,0.3486,22.502
Mushroom Packaging,Biopolymer,6.0,19.94,10.0,91.57,2.0,20.39,0.2184,0.2943,23.514
Molded Pulp,Pulp,8.0,25.03,10.0,96.37,1.91,11.78,0.1982,0.6791,25.283
Recycled PET,Plastic,9.0,38.12,3.0,82.99,6.06,23.6,0.7302,0.3814,20.492
Steel Packaging,Metal,10.0,56.79,1.0,65.32,9.15,29.52,1.4008,0.3388,16.449
Kraft Paper,Paper,6.0,15.34,8.0,87.09,3.54,11.82,0.4065,0.5076,21.864
Aluminum Can,Metal,8.0,39.02,3.0,79.05,7.78,20.25,0.9842,0.3951,19.132
HDPE Recycled,Plastic,9.0,45.7,2.0,90.59,6.71,22.69,0.7407,0.3967,21.647
HDPE Recycled,Plastic,7.0,39.81,2.0,91.52,6.76,26.56,0.7386,0.2636,21.028
Steel Packaging,Metal,10.0,51.28,1.0,67.11,9.07,33.1,1.3515,0.3021,16.815
Palm Leaf Packaging,Natural Fiber,6.0,15.66,10.0,79.33,3.05,17.09,0.3845,0.3511,20.961
Compostable PBAT,Bioplastic,7.0,24.25,7.0,67.3,5.76,18.76,0.8559,0.3731,17.784
Molded Pulp,Pulp,7.0,22.95,8.0,93.93,1.41,14.35,0.1501,0.4878,23.845
Kraft Paper,Paper,6.0,17.88,9.0,86.55,3.21,11.41,0.3709,0.5259,22.089
Tempered Glass Packaging,Glass,10.0,38.06,1.0,29.11,12.51,31.7,4.2975,0.3155,8.871
Recycled PET,Plastic,9.0,32.32,3.0,86.35,8.1,19.99,0.938,0.4502,20.96
Corrugated Cardboard,Paper,8.0,22.01,8.0,88.34,4.15,10.66,0.4698,0.7505,22.853
Tin Container,Metal,9.0,41.93,2.0,75.74,9.28,26.28,1.2252,0.3425,18.42
Tin Container,Metal,8.0,35.89,1.0,67.34,6.97,28.04,1.035,0.2853,16.271
Recycled PET,Plastic,9.0,34.35,4.0,81.14,6.3,21.88,0.7764,0.4113,20.398
Corrugated Cardboard,Paper,9.0,20.15,8.0,83.14,1.13,12.53,0.1359,0.7183,22.515
Molded Pulp,Pulp,7.0,19.73,9.0,96.81,1.64,13.28,0.1694,0.5271,24.698
Plywood Box,Wood,9.0,58.09,5.0,51.97,4.6,27.78,0.8851,0.324,15.034
Kraft Paper,Paper,6.0,15.47,9.0,81.22,4.06,8.48,0.4999,0.7075,20.938
Tin Container,Metal,9.0,35.22,2.0,68.1,8.61,26.45,1.2643,0.3403,16.959
Wooden Crate,Wood,8.0,47.39,6.0,60.08,4.8,27.91,0.7989,0.2866,16.536
Tin Container,Metal,10.0,41.98,2.0,64.61,7.95,27.28,1.2305,0.3666,16.727
Bamboo Fiber Packaging,Natural Fiber,7.0,21.75,9.0,82.23,3.1,13.38,0.377,0.5232,21.636
Recycled PET,Plastic,9.0,37.61,3.0,81.35,7.16,27.05,0.8801,0.3327,20.054
Recycled PET,Plastic,9.0,39.31,3.0,82.11,6.52,19.88,0.7941,0.4527,20.27
Recycled PET,Plastic,9.0,32.57,3.0,79.45,8.85,25.9,1.1139,0.3475,19.505
Tempered Glass Packaging,Glass,10.0,43.6,1.0,27.87,11.37,27.06,4.0797,0.3695,8.737
HDPE Recycled,Plastic,7.0,39.08,1.0,94.25,7.66,23.05,0.8127,0.3037,21.184
Recycled Paperboard,Paper,7.0,18.67,9.0,91.49,1.52,6.24,0.1661,1.1218,23.646
Tempered Glass Packaging,Glass,10.0,42.01,2.0,27.37,12.44,30.05,4.5451,0.3328,8.83
Hemp Fiber Board,Natural Fiber,8.0,31.98,8.0,76.9,2.1,19.06,0.2731,0.4197,20.77
Bamboo Fiber Packaging,Natural Fiber,7.0,20.73,9.0,82.08,4.14,17.65,0.5044,0.3966,21.502
Seaweed Packaging,Biopolymer,6.0,15.23,9.0,91.59,2.79,15.48,0.3046,0.3876,23.139
Starch-Based Plastic,Bioplastic,7.0,18.72,7.0,67.86,4.1,14.72,0.6042,0.4755,18.062
Glass Bottle,Glass,9.0,42.42,1.0,29.48,10.28,27.02,3.4871,0.3331,8.768
Kraft Paper,Paper,6.0,14.43,10.0,86.48,3.25,8.91,0.3758,0.6734,22.371
Palm Leaf Packaging,Natural Fiber,6.0,14.93,10.0,84.9,2.77,15.83,0.3263,0.379,22.103
Recycled Paperboard,Paper,5.0,15.95,10.0,85.5,2.82,6.51,0.3298,0.768,21.818
HDPE Recycled,Plastic,8.0,41.79,3.0,95.0,8.18,29.07,0.8611,0.2752,22.282
Mushroom Packaging,Biopolymer,7.0,21.91,10.0,89.55,2.45,20.17,0.2736,0.3471,23.465
Bagasse Fiber,Natural Fiber,5.0,17.22,10.0,93.1,4.43,19.75,0.4758,0.2532,23.177
Bamboo Fiber Packaging,Natural Fiber,8.0,24.14,9.0,74.42,3.38,18.24,0.4542,0.4386,20.446
Hemp Fiber Board,Natural Fiber,9.0,34.43,9.0,74.03,5.01,23.65,0.6768,0.3805,20.605
Biodegradable PLA,Bioplastic,9.0,24.83,7.0,63.29,6.6,21.23,1.0428,0.4239,17.698
Mushroom Packaging,Biopolymer,7.0,24.41,10.0,90.84,1.88,20.85,0.207,0.3357,23.78
Glass Bottle,Glass,9.0,39.16,2.0,33.87,11.46,25.74,3.3835,0.3497,9.828
Reusable Plastic Crate,Plastic,10.0,44.23,2.0,40.93,9.13,22.29,2.2306,0.4486,11.873
Aluminum Can,Metal,8.0,36.72,3.0,75.44,7.78,22.23,1.0313,0.3599,18.41
Reusable Plastic Crate,Plastic,10.0,51.88,3.0,39.57,8.75,25.0,2.2113,0.4,11.939
Compostable PBAT,Bioplastic,8.0,26.0,9.0,73.41,4.71,20.49,0.6416,0.3904,20.111
Bagasse Fiber,Natural Fiber,5.0,15.38,10.0,87.94,2.09,16.81,0.2377,0.2974,22.379
Molded Pulp,Pulp,8.0,26.17,9.0,95.04,3.43,16.12,0.3609,0.4963,24.565
HDPE Recycled,Plastic,8.0,43.94,2.0,91.04,8.28,22.0,0.9095,0.3636,21.18
HDPE Recycled,Plastic,8.0,40.03,2.0,92.81,6.95,21.25,0.7488,0.3765,21.667
Palm Leaf Packaging,Natural Fiber,6.0,13.18,10.0,86.23,2.14,19.13,0.2482,0.3136,22.432
Recycled Paperboard,Paper,7.0,20.26,9.0,98.67,3.45,9.02,0.3497,0.7761,24.889
Kraft Paper,Paper,6.0,14.25,9.0,83.7,4.82,15.37,0.5759,0.3904,21.358
Recycled Paperboard,Paper,5.0,17.8,9.0,92.11,5.12,8.37,0.5559,0.5974,22.61
Tempered Glass Packaging,Glass,10.0,41.84,1.0,26.99,9.51,25.99,3.5235,0.3848,8.747
Cornstarch Packaging,Biopolymer,7.0,19.94,8.0,83.98,3.24,20.32,0.3858,0.3445,21.672
Recycled PET,Plastic,10.0,37.17,3.0,85.22,5.81,19.19,0.6818,0.5211,21.363
LDPE Recycled,Plastic,7.0,32.21,2.0,88.4,8.78,22.14,0.9932,0.3162,20.202
Hemp Fiber Board,Natural Fiber,9.0,33.53,9.0,73.29,4.07,16.84,0.5553,0.5344,20.551
Kraft Paper,Paper,7.0,17.14,9.0,90.15,2.54,11.6,0.2818,0.6034,23.276
Compostable PBAT,Bioplastic,10.0,28.58,8.0,72.38,6.48,22.15,0.8953,0.4515,20.228
Recycled Paperboard,Paper,5.0,15.47,8.0,89.05,1.84,7.92,0.2066,0.6313,22.026
Kraft Paper,Paper,5.0,14.33,9.0,87.29,4.33,9.23,0.496,0.5417,21.725
Molded Pulp,Pulp,8.0,23.84,9.0,97.01,1.98,14.36,0.2041,0.5571,25.104
Recycled PET,Plastic,8.0,31.35,3.0,93.99,6.34,20.1,0.6745,0.398,22.264
HDPE Recycled,Plastic,8.0,40.2,2.0,88.01,6.92,20.7,0.7863,0.3865,20.71
Steel Packaging,Metal,10.0,50.98,1.0,66.64,6.95,31.25,1.0429,0.32,16.933
Bamboo Fiber Packaging,Natural Fiber,6.0,23.53,9.0,78.55,3.23,17.35,0.4112,0.3458,20.487
Recycled PET,Plastic,8.0,31.51,4.0,86.63,7.62,23.85,0.8796,0.3354,20.964
LDPE Recycled,Plastic,6.0,29.53,2.0,92.19,6.88,22.13,0.7463,0.2711,20.75
Glass Bottle,Glass,10.0,46.39,1.0,32.4,11.22,26.47,3.463,0.3778,9.658
Compostable PBAT,Bioplastic,8.0,23.95,8.0,66.9,7.2,19.04,1.0762,0.4202,18.26
Corrugated Cardboard,Paper,7.0,21.35,9.0,84.77,4.15,13.01,0.4896,0.538,22.039
HDPE Recycled,Plastic,7.0,40.68,2.0,88.8,7.38,20.57,0.8311,0.3403,20.422
Molded Pulp,Pulp,8.0,26.27,8.0,94.03,3.72,12.79,0.3956,0.6255,24.034
Glass Bottle,Glass,10.0,41.25,1.0,33.62,11.87,23.27,3.5306,0.4297,9.837
Reusable Plastic Crate,Plastic,10.0,49.94,2.0,39.13,9.32,28.06,2.3818,0.3564,11.494
Bagasse Fiber,Natural Fiber,5.0,17.26,10.0,86.05,2.98,18.83,0.3463,0.2655,21.912
Recycled PET,Plastic,9.0,34.13,4.0,77.99,7.21,20.8,0.9245,0.4327,19.677
Recycled Paperboard,Paper,6.0,17.97,9.0,87.87,3.79,11.58,0.4313,0.5181,22.295
Palm Leaf Packaging,Natural Fiber,6.0,16.29,10.0,85.67,3.21,13.89,0.3747,0.432,22.213
Cornstarch Packaging,Biopolymer,7.0,19.43,9.0,77.53,2.04,17.5,0.2631,0.4,20.802
Recycled Paperboard,Paper,6.0,19.61,9.0,91.0,3.59,12.46,0.3945,0.4815,22.941
Kraft Paper,Paper,5.0,13.93,8.0,87.41,2.97,8.17,0.3398,0.612,21.585
Molded Pulp,Pulp,8.0,27.71,8.0,94.44,2.94,17.2,0.3113,0.4651,24.194
Kraft Paper,Paper,6.0,15.29,9.0,91.24,4.24,11.08,0.4647,0.5415,22.924
Recycled Paperboard,Paper,5.0,16.5,9.0,95.75,4.11,8.38,0.4292,0.5967,23.439
Palm Leaf Packaging,Natural Fiber,6.0,14.36,10.0,84.4,2.72,8.11,0.3223,0.7398,22.008
Recycled PET,Plastic,9.0,34.55,4.0,81.73,5.87,21.64,0.7182,0.4159,20.559
Recycled Paperboard,Paper,6.0,16.65,10.0,91.03,4.83,12.17,0.5306,0.493,23.123
Wooden Crate,Wood,9.0,47.35,6.0,57.68,4.26,28.62,0.7386,0.3145,16.51
Recycled PET,Plastic,8.0,33.43,3.0,86.07,6.56,19.2,0.7622,0.4167,20.658
Corrugated Cardboard,Paper,8.0,20.76,8.0,80.56,1.65,9.96,0.2048,0.8032,21.547
HDPE Recycled,Plastic,8.0,45.46,2.0,87.86,8.0,29.18,0.9105,0.2742,20.572
Kraft Paper,Paper,6.0,12.81,9.0,90.66,3.22,10.06,0.3552,0.5964,22.91
Wooden Crate,Wood,8.0,46.06,5.0,59.37,4.49,27.56,0.7563,0.2903,16.125
Plywood Box,Wood,9.0,51.64,5.0,54.42,2.97,28.49,0.5458,0.3159,15.687
Palm Leaf Packaging,Natural Fiber,5.0,13.19,10.0,87.34,2.02,14.61,0.2313,0.3422,22.266
Corrugated Cardboard,Paper,7.0,21.48,8.0,85.45,6.23,14.46,0.7291,0.4841,21.667
HDPE Recycled,Plastic,8.0,45.3,2.0,91.49,7.94,25.55,0.8679,0.3131,21.304
Glass Bottle,Glass,9.0,39.72,1.0,28.65,10.82,21.02,3.7766,0.4282,8.548
Corrugated Cardboard,Paper,7.0,19.94,8.0,83.96,3.76,10.83,0.4478,0.6464,21.616
Corrugated Cardboard,Paper,6.0,16.36,7.0,81.66,4.56,11.77,0.5584,0.5098,20.376
Tin Container,Metal,9.0,37.7,2.0,69.66,8.68,26.55,1.2461,0.339,17.264
HDPE Recycled,Plastic,8.0,41.29,2.0,93.16,8.1,23.26,0.8695,0.3439,21.622
Hemp Fiber Board,Natural Fiber,8.0,30.56,9.0,74.96,2.73,18.51,0.3642,0.4322,20.619
Tin Container,Metal,9.0,39.67,2.0,71.22,7.06,23.96,0.9913,0.3756,17.738
Corrugated Cardboard,Paper,8.0,21.2,8.0,85.54,4.84,8.01,0.5658,0.9988,22.224
Corrugated Cardboard,Paper,7.0,20.92,9.0,92.84,4.11,10.43,0.4427,0.6711,23.657
Plywood Box,Wood,9.0,52.5,4.0,50.41,6.32,26.63,1.2537,0.338,14.25
Kraft Paper,Paper,6.0,14.19,9.0,89.51,3.18,9.32,0.3553,0.6438,22.684
Glass Bottle,Glass,10.0,40.38,1.0,26.32,10.0,23.74,3.7994,0.4212,8.564
LDPE Recycled,Plastic,6.0,27.91,2.0,87.43,7.4,24.89,0.8464,0.2411,19.746
Molded Pulp,Pulp,8.0,23.35,9.0,93.36,1.0,12.43,0.1071,0.6436,24.472
HDPE Recycled,Plastic,7.0,37.23,2.0,88.9,8.56,28.12,0.9629,0.2489,20.324
Bamboo Fiber Packaging,Natural Fiber,7.0,21.39,9.0,74.82,3.05,19.63,0.4076,0.3566,20.159
Compostable PBAT,Bioplastic,8.0,28.29,7.0,69.3,4.21,15.04,0.6075,0.5319,18.739
Kraft Paper,Paper,6.0,14.13,9.0,87.51,3.42,9.25,0.3908,0.6486,22.26
Glass Bottle,Glass,9.0,38.05,1.0,31.37,10.56,22.18,3.3663,0.4058,9.118
Recycled Paperboard,Paper,7.0,18.77,9.0,88.21,3.0,7.73,0.3401,0.9056,22.842
Tin Container,Metal,10.0,40.32,1.0,73.01,8.03,27.03,1.0998,0.37,18.099
Recycled Paperboard,Paper,7.0,16.99,9.0,86.91,3.95,9.86,0.4545,0.7099,22.487
Tempered Glass Packaging,Glass,10.0,43.26,1.0,23.51,10.88,32.77,4.6278,0.3052,7.914
Bamboo Fiber Packaging,Natural Fiber,7.0,24.55,9.0,71.0,2.6,23.08,0.3662,0.3033,19.44
Seaweed Packaging,Biopolymer,7.0,21.74,10.0,90.72,2.77,19.94,0.3053,0.3511,23.667
Biodegradable PLA,Bioplastic,9.0,26.99,7.0,68.52,6.54,22.26,0.9545,0.4043,18.75
Compostable PBAT,Bioplastic,8.0,25.7,8.0,69.98,4.15,19.25,0.593,0.4156,19.181
Hemp Fiber Board,Natural Fiber,8.0,31.94,10.0,80.23,3.88,21.46,0.4836,0.3728,21.858
Molded Pulp,Pulp,8.0,21.99,9.0,97.62,1.0,16.34,0.1024,0.4896,25.324
Tempered Glass Packaging,Glass,10.0,42.77,1.0,30.09,11.81,27.78,3.9249,0.36,9.137
Bagasse Fiber,Natural Fiber,6.0,16.96,9.0,85.96,3.32,12.74,0.3862,0.471,21.96
Compostable PBAT,Bioplastic,7.0,21.53,8.0,67.02,6.88,19.09,1.0266,0.3667,17.916
Aluminum Can,Metal,8.0,35.18,3.0,79.56,7.67,21.09,0.9641,0.3793,19.245
Tempered Glass Packaging,Glass,9.0,45.28,1.0,34.3,10.35,30.95,3.0175,0.2908,9.725
Tin Container,Metal,9.0,40.07,1.0,71.12,7.63,25.36,1.0728,0.3549,17.361
Plywood Box,Wood,9.0,50.9,6.0,58.53,6.03,33.45,1.0302,0.2691,16.503
LDPE Recycled,Plastic,6.0,33.31,2.0,83.31,7.62,21.27,0.9147,0.2821,18.9
Glass Bottle,Glass,10.0,41.29,1.0,22.98,9.26,23.45,4.0296,0.4264,7.97
Glass Bottle,Glass,8.0,35.23,1.0,29.08,10.12,22.82,3.4801,0.3506,8.304
Recycled PET,Plastic,8.0,35.67,3.0,79.96,6.35,18.87,0.7941,0.424,19.457
Biodegradable PLA,Bioplastic,9.0,26.12,7.0,65.08,3.92,21.02,0.6023,0.4282,18.324
Biodegradable PLA,Bioplastic,9.0,28.98,7.0,58.26,5.99,25.09,1.0281,0.3587,16.753
Recycled PET,Plastic,9.0,38.4,4.0,87.22,6.87,23.11,0.7877,0.3894,21.557
HDPE Recycled,Plastic,8.0,39.04,2.0,85.5,6.31,23.32,0.738,0.3431,20.269
Steel Packaging,Metal,10.0,53.8,1.0,65.61,10.27,35.58,1.5653,0.2811,16.395
Mushroom Packaging,Biopolymer,6.0,22.55,10.0,89.26,2.36,16.4,0.2644,0.3659,23.016
Cornstarch Packaging,Biopolymer,8.0,21.8,9.0,76.75,1.35,17.79,0.1759,0.4497,21.115
Reusable Plastic Crate,Plastic,10.0,50.88,2.0,35.76,8.13,31.59,2.2735,0.3166,10.939
Glass Bottle,Glass,10.0,38.06,1.0,28.13,9.46,26.14,3.363,0.3826,8.98
Compostable PBAT,Bioplastic,8.0,24.53,8.0,70.22,5.55,19.83,0.7904,0.4034,19.089
Biodegradable PLA,Bioplastic,9.0,29.48,7.0,67.78,6.02,22.22,0.8882,0.405,18.654
Compostable PBAT,Bioplastic,9.0,28.02,8.0,71.47,6.01,21.63,0.8409,0.4161,19.693
Mushroom Packaging,Biopolymer,6.0,18.34,10.0,88.71,1.53,22.38,0.1725,0.2681,22.989
Recycled PET,Plastic,8.0,38.48,2.0,82.14,7.16,19.97,0.8717,0.4006,19.512
Aluminum Can,Metal,8.0,33.99,3.0,74.19,7.77,26.59,1.0473,0.3009,18.161
HDPE Recycled,Plastic,9.0,42.74,3.0,95.0,7.32,28.34,0.7705,0.3176,22.768
HDPE Recycled,Plastic,8.0,40.98,1.0,89.02,8.07,22.68,0.9065,0.3527,20.497
Hemp Fiber Board,Natural Fiber,9.0,32.76,9.0,73.35,2.44,19.95,0.3327,0.4511,20.726
Tempered Glass Packaging,Glass,10.0,43.46,1.0,25.15,9.26,29.46,3.6819,0.3394,8.404
Corrugated Cardboard,Paper,7.0,18.89,9.0,88.18,4.07,10.76,0.4616,0.6506,22.729
Wooden Crate,Wood,8.0,48.2,6.0,60.77,6.71,28.11,1.1042,0.2846,16.483
Molded Pulp,Pulp,8.0,24.65,10.0,95.36,1.69,15.17,0.1772,0.5274,25.103
Seaweed Packaging,Biopolymer,6.0,20.35,10.0,87.5,2.24,17.6,0.256,0.3409,22.676
Reusable Plastic Crate,Plastic,10.0,50.21,2.0,42.85,9.02,27.38,2.105,0.3652,12.268
Molded Pulp,Pulp,9.0,24.91,10.0,95.18,2.93,12.76,0.3078,0.7053,25.343
Molded Pulp,Pulp,8.0,25.55,9.0,98.62,2.5,16.05,0.2535,0.4984,25.374
HDPE Recycled,Plastic,9.0,38.65,2.0,87.26,7.59,28.4,0.8698,0.3169,20.893
Glass Bottle,Glass,9.0,41.09,2.0,29.07,11.34,22.74,3.9009,0.3958,8.88
Corrugated Cardboard,Paper,7.0,18.69,8.0,81.2,2.32,9.05,0.2857,0.7735,21.208
Biodegradable PLA,Bioplastic,9.0,25.41,7.0,67.73,4.85,20.84,0.7161,0.4319,18.761
Kraft Paper,Paper,5.0,13.96,9.0,91.19,3.27,9.12,0.3586,0.5482,22.611
Corrugated Cardboard,Paper,7.0,16.03,9.0,82.74,3.64,9.59,0.4399,0.7299,21.684
Palm Leaf Packaging,Natural Fiber,7.0,15.78,10.0,80.77,1.0,12.71,0.1238,0.5507,21.854
HDPE Recycled,Plastic,9.0,40.12,2.0,92.46,8.75,23.24,0.9464,0.3873,21.817
Kraft Paper,Paper,7.0,17.5,8.0,84.36,3.59,16.53,0.4256,0.4235,21.713
Corrugated Cardboard,Paper,7.0,20.4,8.0,86.87,3.82,8.39,0.4397,0.8343,22.192
Glass Bottle,Glass,9.0,43.07,1.0,27.69,10.77,24.58,3.8895,0.3662,8.361
Reusable Plastic Crate,Plastic,9.0,47.85,2.0,45.86,7.66,27.43,1.6703,0.3281,12.606
Glass Bottle,Glass,9.0,39.44,1.0,25.93,11.27,20.75,4.3463,0.4337,7.959
Corrugated Cardboard,Paper,5.0,17.04,8.0,84.84,4.33,10.5,0.5104,0.4762,20.935
HDPE Recycled,Plastic,9.0,41.32,1.0,90.17,7.26,25.01,0.8051,0.3599,21.208
Wooden Crate,Wood,8.0,48.9,6.0,59.84,5.59,24.9,0.9342,0.3213,16.409
Hemp Fiber Board,Natural Fiber,8.0,29.65,9.0,78.63,1.44,15.69,0.1831,0.5099,21.482
Hemp Fiber Board,Natural Fiber,8.0,30.41,9.0,74.21,1.59,20.2,0.2143,0.396,20.583
Molded Pulp,Pulp,7.0,23.23,9.0,93.59,3.79,14.83,0.405,0.472,23.839
Steel Packaging,Metal,10.0,51.91,1.0,64.22,8.14,35.65,1.2675,0.2805,16.33
Plywood Box,Wood,9.0,53.95,5.0,52.34,5.48,29.22,1.047,0.308,15.02
LDPE Recycled,Plastic,7.0,28.51,1.0,92.53,7.73,20.53,0.8354,0.341,20.833
Recycled Paperboard,Paper,6.0,17.04,10.0,90.67,4.78,9.99,0.5272,0.6006,23.056
Bagasse Fiber,Natural Fiber,5.0,15.62,10.0,84.06,1.06,15.04,0.1261,0.3324,21.706
Palm Leaf Packaging,Natural Fiber,6.0,14.56,10.0,86.99,2.48,16.02,0.2851,0.3745,22.55
Steel Packaging,Metal,10.0,60.99,1.0,71.7,9.1,30.1,1.2692,0.3322,17.73
Glass Bottle,Glass,9.0,32.52,1.0,30.66,10.88,28.48,3.5486,0.316,8.944
Wooden Crate,Wood,8.0,45.03,6.0,61.23,4.3,31.15,0.7023,0.2568,16.816
Reusable Plastic Crate,Plastic,10.0,50.73,2.0,40.65,8.89,28.72,2.187,0.3482,11.841
Tin Container,Metal,9.0,36.05,2.0,68.72,7.32,31.24,1.0652,0.2881,17.212
Reusable Plastic Crate,Plastic,10.0,47.63,2.0,37.24,9.51,23.67,2.5537,0.4225,11.097
Recycled Paperboard,Paper,6.0,18.53,9.0,88.97,3.97,8.17,0.4462,0.7344,22.497
Plywood Box,Wood,8.0,50.18,5.0,54.27,3.65,31.92,0.6726,0.2506,15.189
Compostable PBAT,Bioplastic,8.0,26.64,8.0,68.08,5.26,19.69,0.7726,0.4063,18.69
Plywood Box,Wood,10.0,54.35,5.0,56.77,7.15,31.97,1.2595,0.3128,16.139
Corrugated Cardboard,Paper,7.0,20.4,8.0,88.21,3.85,12.03,0.4365,0.5819,22.457
HDPE Recycled,Plastic,7.0,41.44,2.0,84.69,8.28,25.54,0.9777,0.2741,19.51
Corrugated Cardboard,Paper,7.0,19.87,9.0,85.91,5.56,16.42,0.6472,0.4263,22.126
HDPE Recycled,Plastic,8.0,37.65,3.0,94.24,9.28,25.34,0.9847,0.3157,22.02
Aluminum Can,Metal,8.0,37.55,4.0,75.37,7.88,26.02,1.0455,0.3075,18.686
LDPE Recycled,Plastic,7.0,30.37,2.0,86.67,7.99,23.9,0.9219,0.2929,19.935
Biodegradable PLA,Bioplastic,9.0,31.37,7.0,64.23,5.59,20.1,0.8703,0.4478,17.987
Recycled Paperboard,Paper,5.0,18.92,9.0,89.32,2.44,13.14,0.2732,0.3805,22.32
Recycled Paperboard,Paper,5.0,16.39,9.0,89.69,2.21,7.13,0.2464,0.7013,22.417
Reusable Plastic Crate,Plastic,10.0,52.65,2.0,37.92,8.58,25.46,2.2627,0.3928,11.326
Mushroom Packaging,Biopolymer,7.0,22.63,10.0,90.5,1.95,21.5,0.2155,0.3256,23.705
Plywood Box,Wood,10.0,50.33,5.0,57.05,4.92,32.38,0.8624,0.3088,16.418
LDPE Recycled,Plastic,8.0,34.76,2.0,91.99,9.25,19.73,1.0055,0.4055,21.273
Tin Container,Metal,9.0,36.29,2.0,71.75,7.91,27.33,1.1024,0.3293,17.759
Recycled Paperboard,Paper,6.0,17.71,8.0,90.17,1.84,6.62,0.2041,0.9063,22.65
Reusable Plastic Crate,Plastic,9.0,50.79,3.0,47.59,8.71,27.47,1.8302,0.3276,13.147
Corrugated Cardboard,Paper,8.0,18.62,8.0,88.95,2.79,12.68,0.3137,0.6309,23.111
Aluminum Can,Metal,8.0,35.17,3.0,75.93,8.4,21.04,1.1063,0.3802,18.446
Corrugated Cardboard,Paper,6.0,17.99,7.0,85.0,2.0,9.83,0.2353,0.6104,21.3
LDPE Recycled,Plastic,7.0,28.17,2.0,86.26,9.41,21.5,1.0909,0.3256,19.711
HDPE Recycled,Plastic,8.0,41.36,2.0,88.31,8.3,26.82,0.9399,0.2983,20.632
Palm Leaf Packaging,Natural Fiber,5.0,13.35,9.0,85.52,1.0,14.53,0.1169,0.3441,21.704
Wooden Crate,Wood,9.0,45.24,7.0,61.73,5.06,26.59,0.8197,0.3385,17.54
Bagasse Fiber,Natural Fiber,6.0,17.86,10.0,80.18,1.36,17.55,0.1696,0.3419,21.3
Kraft Paper,Paper,7.0,15.96,8.0,80.83,2.44,13.19,0.3019,0.5307,21.122
Corrugated Cardboard,Paper,6.0,18.7,8.0,86.32,5.4,6.86,0.6256,0.8746,21.524
Tempered Glass Packaging,Glass,10.0,39.6,1.0,25.72,10.99,29.04,4.2729,0.3444,8.345
Molded Pulp,Pulp,8.0,28.9,9.0,89.98,3.72,17.61,0.4134,0.4543,23.524
Mushroom Packaging,Biopolymer,7.0,21.61,10.0,92.49,3.36,15.48,0.3633,0.4522,23.962
Recycled Paperboard,Paper,6.0,19.84,9.0,91.26,2.87,9.35,0.3145,0.6417,23.065
HDPE Recycled,Plastic,9.0,39.31,3.0,88.78,7.36,20.31,0.829,0.4431,21.52
LDPE Recycled,Plastic,7.0,32.59,3.0,89.06,7.11,22.74,0.7983,0.3078,20.801
Reusable Plastic Crate,Plastic,10.0,47.19,2.0,36.82,8.8,27.55,2.39,0.363,11.084
Molded Pulp,Pulp,7.0,24.3,10.0,93.36,1.7,14.16,0.1821,0.4944,24.302
Tin Container,Metal,9.0,36.99,2.0,69.09,8.99,25.72,1.3012,0.3499,17.119
Tempered Glass Packaging,Glass,10.0,45.54,1.0,25.51,12.98,29.97,5.0882,0.3337,8.104
Glass Bottle,Glass,10.0,41.81,1.0,29.38,10.64,22.15,3.6215,0.4515,9.112
Corrugated Cardboard,Paper,6.0,19.15,9.0,89.03,4.42,12.1,0.4965,0.4959,22.464
Seaweed Packaging,Biopolymer,6.0,17.49,10.0,92.69,2.06,22.81,0.2222,0.263,23.732
Starch-Based Plastic,Bioplastic,6.0,23.14,8.0,69.22,5.72,21.91,0.8264,0.2738,18.072
Aluminum Can,Metal,7.0,31.26,3.0,76.19,7.03,21.86,0.9227,0.3202,18.235
Starch-Based Plastic,Bioplastic,7.0,25.54,8.0,71.65,5.51,18.62,0.769,0.3759,18.979
Glass Bottle,Glass,8.0,42.7,1.0,32.66,11.45,27.25,3.5058,0.2936,8.887
Tin Container,Metal,9.0,35.26,3.0,68.48,8.66,24.49,1.2646,0.3675,17.33
Glass Bottle,Glass,9.0,46.67,1.0,31.34,10.49,24.64,3.3472,0.3653,9.119
Kraft Paper,Paper,5.0,13.53,9.0,93.66,3.12,11.88,0.3331,0.4209,23.12
Wooden Crate,Wood,7.0,36.0,6.0,62.07,3.21,27.19,0.5172,0.2574,16.693
Corrugated Cardboard,Paper,7.0,18.76,7.0,83.05,4.15,16.15,0.4997,0.4334,21.095
Reusable Plastic Crate,Plastic,10.0,49.81,1.0,35.0,10.57,27.31,3.02,0.3662,10.243
LDPE Recycled,Plastic,8.0,34.06,2.0,89.0,7.42,23.82,0.8337,0.3359,20.858
Recycled PET,Plastic,9.0,34.78,3.0,83.62,7.41,21.25,0.8862,0.4235,20.483
Biodegradable PLA,Bioplastic,9.0,27.11,6.0,65.53,5.12,23.27,0.7813,0.3868,17.994
LDPE Recycled,Plastic,7.0,32.86,2.0,89.78,7.35,27.25,0.8187,0.2569,20.621
Wooden Crate,Wood,8.0,40.79,6.0,63.0,4.7,30.34,0.746,0.2637,17.13
Glass Bottle,Glass,9.0,36.83,2.0,35.05,10.31,29.78,2.9415,0.3022,10.179
Bamboo Fiber Packaging,Natural Fiber,7.0,23.86,10.0,79.75,2.72,17.71,0.3411,0.3953,21.478
Glass Bottle,Glass,8.0,34.08,1.0,27.65,8.13,19.32,2.9403,0.4141,8.217
Steel Packaging,Metal,10.0,53.69,1.0,70.09,9.23,34.9,1.3169,0.2865,17.395
Molded Pulp,Pulp,8.0,22.88,9.0,95.96,2.23,13.84,0.2324,0.578,24.869
Bagasse Fiber,Natural Fiber,6.0,18.01,10.0,84.63,3.82,20.27,0.4514,0.296,21.944
Tin Container,Metal,9.0,39.32,2.0,72.92,7.98,28.95,1.0943,0.3109,17.986
Biodegradable PLA,Bioplastic,8.0,24.15,7.0,66.31,4.5,26.12,0.6786,0.3063,18.112
Starch-Based Plastic,Bioplastic,7.0,23.36,8.0,67.75,5.15,17.4,0.7601,0.4023,18.235
Tempered Glass Packaging,Glass,10.0,45.03,1.0,30.84,12.91,27.7,4.1861,0.361,9.177
Molded Pulp,Pulp,7.0,22.61,9.0,92.83,3.02,15.83,0.3253,0.4422,23.764
Biodegradable PLA,Bioplastic,8.0,23.94,7.0,62.46,6.85,23.84,1.0967,0.3356,17.107
Corrugated Cardboard,Paper,6.0,17.26,7.0,83.87,5.69,13.04,0.6784,0.4601,20.705
Mushroom Packaging,Biopolymer,7.0,23.71,10.0,94.75,1.57,18.24,0.1657,0.3838,24.593
Wooden Crate,Wood,8.0,41.98,6.0,62.81,4.88,27.41,0.7769,0.2919,17.074
Compostable PBAT,Bioplastic,9.0,26.92,8.0,71.62,5.71,22.05,0.7973,0.4082,19.753
Tin Container,Metal,9.0,37.84,2.0,72.5,10.09,30.03,1.3917,0.2997,17.691
Molded Pulp,Pulp,9.0,26.63,9.0,96.17,5.43,17.39,0.5646,0.5175,24.991
Aluminum Can,Metal,8.0,32.36,3.0,75.72,8.0,24.17,1.0565,0.331,18.444
Tempered Glass Packaging,Glass,10.0,41.67,1.0,27.6,12.25,27.29,4.4384,0.3664,8.595
Hemp Fiber Board,Natural Fiber,9.0,32.51,9.0,79.79,3.84,19.68,0.4813,0.4573,21.874
HDPE Recycled,Plastic,8.0,41.09,2.0,90.69,7.83,24.73,0.8634,0.3235,21.155
HDPE Recycled,Plastic,8.0,40.84,3.0,95.0,8.2,25.49,0.8632,0.3138,22.28
Molded Pulp,Pulp,8.0,22.58,9.0,94.72,2.8,18.18,0.2956,0.44,24.564
Hemp Fiber Board,Natural Fiber,9.0,32.26,9.0,83.17,3.11,17.08,0.3739,0.5269,22.623
LDPE Recycled,Plastic,8.0,32.93,2.0,89.31,7.52,21.14,0.842,0.3784,20.91
LDPE Recycled,Plastic,7.0,32.7,2.0,88.19,7.79,25.59,0.8833,0.2735,20.259
Recycled Paperboard,Paper,6.0,17.65,9.0,91.05,3.49,6.26,0.3833,0.9585,22.961
Molded Pulp,Pulp,8.0,25.95,10.0,96.58,2.95,13.41,0.3054,0.5966,25.221
Kraft Paper,Paper,5.0,13.95,8.0,84.6,3.85,11.42,0.4551,0.4378,20.935
Starch-Based Plastic,Bioplastic,8.0,30.59,8.0,73.65,6.37,20.87,0.8649,0.3833,19.693
LDPE Recycled,Plastic,7.0,34.76,1.0,84.14,7.28,23.67,0.8652,0.2957,19.2
Glass Bottle,Glass,9.0,39.72,1.0,30.78,11.9,24.56,3.8661,0.3664,8.866
Recycled PET,Plastic,8.0,34.85,2.0,89.09,8.01,23.31,0.8991,0.3432,20.817
Recycled Paperboard,Paper,6.0,18.41,9.0,88.43,4.13,7.96,0.467,0.7538,22.373
Glass Bottle,Glass,9.0,42.21,1.0,30.62,10.97,23.99,3.5826,0.3752,8.927
Recycled PET,Plastic,9.0,31.57,4.0,87.46,9.16,22.11,1.0473,0.4071,21.376
Kraft Paper,Paper,7.0,16.94,9.0,88.22,4.48,10.29,0.5078,0.6803,22.696
Biodegradable PLA,Bioplastic,8.0,26.99,7.0,61.69,5.91,21.35,0.958,0.3747,17.047
Glass Bottle,Glass,9.0,37.35,1.0,27.55,11.56,28.85,4.196,0.312,8.254
Kraft Paper,Paper,6.0,14.86,8.0,85.81,1.67,10.97,0.1946,0.5469,21.795
Kraft Paper,Paper,5.0,12.14,8.0,89.65,3.58,10.47,0.3993,0.4776,21.972
Kraft Paper,Paper,7.0,16.43,10.0,88.11,4.74,14.79,0.538,0.4733,22.948
Biodegradable PLA,Bioplastic,9.0,26.42,7.0,60.65,5.68,22.09,0.9365,0.4074,17.262
Glass Bottle,Glass,9.0,40.55,1.0,24.52,12.73,22.91,5.1917,0.3928,7.531
Biodegradable PLA,Bioplastic,9.0,27.17,7.0,63.88,7.47,19.58,1.1694,0.4597,17.729
Recycled PET,Plastic,10.0,36.33,3.0,83.19,6.84,24.11,0.8222,0.4148,20.854
Tin Container,Metal,9.0,39.19,1.0,66.62,7.09,27.06,1.0642,0.3326,16.515
Compostable PBAT,Bioplastic,8.0,23.43,8.0,73.17,2.77,16.64,0.3786,0.4808,19.957
HDPE Recycled,Plastic,9.0,41.46,2.0,85.91,9.05,25.1,1.0534,0.3586,20.477
Glass Bottle,Glass,10.0,45.99,1.0,28.36,10.55,30.04,3.72,0.3329,8.917
LDPE Recycled,Plastic,7.0,36.2,3.0,86.07,7.09,19.73,0.8237,0.3548,20.205
LDPE Recycled,Plastic,7.0,34.92,2.0,85.63,8.81,19.93,1.0288,0.3512,19.645
Tempered Glass Packaging,Glass,10.0,44.87,1.0,28.56,9.38,32.2,3.2843,0.3106,9.074
HDPE Recycled,Plastic,8.0,38.21,3.0,92.85,6.56,23.5,0.7065,0.3404,22.014
Recycled Paperboard,Paper,7.0,18.28,9.0,92.59,2.47,5.74,0.2668,1.2195,23.771
Recycled Paperboard,Paper,5.0,17.41,10.0,86.75,4.93,10.02,0.5683,0.499,21.857
LDPE Recycled,Plastic,8.0,31.85,2.0,87.44,7.47,23.42,0.8543,0.3416,20.541
Bamboo Fiber Packaging,Natural Fiber,8.0,25.75,8.0,82.47,3.1,15.98,0.3759,0.5006,21.784
Bamboo Fiber Packaging,Natural Fiber,7.0,19.99,9.0,85.21,3.53,15.47,0.4143,0.4525,22.189
Reusable Plastic Crate,Plastic,10.0,43.79,2.0,44.47,10.66,33.13,2.3971,0.3018,12.428
Corrugated Cardboard,Paper,6.0,20.71,8.0,81.56,4.66,9.33,0.5714,0.6431,20.646
Palm Leaf Packaging,Natural Fiber,6.0,14.96,10.0,81.87,1.36,13.06,0.1661,0.4594,21.638
Mushroom Packaging,Biopolymer,8.0,24.88,10.0,87.15,2.58,22.07,0.296,0.3625,23.372
Starch-Based Plastic,Bioplastic,7.0,26.02,8.0,78.26,5.07,19.61,0.6478,0.357,20.345
Starch-Based Plastic,Bioplastic,8.0,25.57,8.0,69.56,4.25,18.05,0.611,0.4432,19.087
Compostable PBAT,Bioplastic,8.0,23.23,8.0,69.26,3.99,25.15,0.5761,0.3181,19.053
Compostable PBAT,Bioplastic,9.0,28.36,9.0,75.16,4.06,18.85,0.5402,0.4775,20.926
Tempered Glass Packaging,Glass,10.0,48.07,1.0,26.52,10.16,32.7,3.8311,0.3058,8.588
LDPE Recycled,Plastic,7.0,29.05,1.0,82.78,8.07,26.65,0.9749,0.2627,18.849
Tempered Glass Packaging,Glass,9.0,43.43,1.0,31.73,10.19,29.37,3.2115,0.3064,9.227
HDPE Recycled,Plastic,8.0,44.46,2.0,89.45,8.75,25.14,0.9782,0.3182,20.815
Recycled PET,Plastic,9.0,33.47,3.0,85.07,7.38,26.47,0.8675,0.34,20.776
Compostable PBAT,Bioplastic,8.0,28.8,8.0,71.09,5.1,22.06,0.7174,0.3626,19.308
Glass Bottle,Glass,10.0,45.14,1.0,29.51,10.07,24.64,3.4124,0.4058,9.195
HDPE Recycled,Plastic,9.0,46.92,2.0,89.5,9.07,28.26,1.0134,0.3185,21.193
Steel Packaging,Metal,10.0,51.56,1.0,68.04,9.67,31.4,1.4212,0.3185,16.941
Glass Bottle,Glass,9.0,38.99,2.0,31.93,9.89,24.52,3.0974,0.367,9.597
LDPE Recycled,Plastic,6.0,30.36,2.0,89.77,8.06,24.88,0.8979,0.2412,20.148
Recycled PET,Plastic,9.0,35.78,3.0,84.27,7.19,22.93,0.8532,0.3925,20.635
Tin Container,Metal,8.0,37.2,2.0,74.22,10.13,25.55,1.3649,0.3131,17.631
